instructorContact,instructorLink,instructorName,instructorProf,instructorTotalReview,instructorTotalStudent
"https://www.ManzoorTheTrainer.com,https://www.facebook.com/trainer.manzoor,https://www.youtube.com/ManzoorthetrainerVideos",https://www.udemy.com/user/mohdmanzoorahmed/,Manzoor Ahmed,Microsoft Certified Trainer,8514,148420
"https://www.xelplus.com,https://twitter.com/LeilaGharani,https://linkedin.com/in/leila-gharani-6b12506?trk=hp-identity-name,https://www.youtube.com/channel/UCJtUOos_MwJa_Ewii-R3cJA",https://www.udemy.com/user/leila-gharani/,Leila Gharani,"Microsoft MVP, Bestselling Instructor",70281,228026
"https://www.myexcelonline.com/blog/,https://twitter.com/myexcelonline,https://www.facebook.com/groups/myexcelonline/,https://linkedin.com/in/johnmichaloudis,https://www.youtube.com/LearnExcelPivotTable/videos",https://www.udemy.com/user/john2373/,MyExcelOnline John Michaloudis,Chief Inspirational Officer at MyExcelOnline,5336,92116
na,https://www.udemy.com/user/intellezy/,na,na,0,0
"http://www.dataskills.co,https://twitter.com/DataSkillsCo,https://www.facebook.com/DataSkillsCo,https://linkedin.com/in/ianlj",https://www.udemy.com/user/ianlittlejohn2/,Ian Littlejohn,"Excel Power Tools, Power BI and Google Data Studio Trainer",42733,133098
na,https://www.udemy.com/user/ahamed-mohideen-ahamed-mohideen-mubeen/,A.M.A.M Mubeen (Expert In Tally & Finance & Microsoft Office),"200,000+ Students | 4+ Rated | 190 + Countries",4195,211252
"http://interviewmama.com,https://linkedin.com/in/sivanalavenakta",https://www.udemy.com/user/sivaprasad3/,Siva Prasad,SAP Trainer and Consultant,27982,109558
na,https://www.udemy.com/user/fredrick-higgins-3/,Fredrick Higgins,Senior Analytics BI Consultant at Accenture,1602,105649
"http://www.businessproductivity.com,https://twitter.com/ulrikahedlund,https://www.facebook.com/businessproductivity,https://linkedin.com/in/ulrikahedlund/,https://www.youtube.com/bizproductivity",https://www.udemy.com/user/businessproductivity/,Ulrika Hedlund,Productivity Coach and Entrepreneur,13525,43425
na,https://www.udemy.com/user/josh-werner/,Learn Tech Plus,Web Development | Adobe | Google | Microsoft | Productivity,37663,1296064
"http://blenderzen.com/,https://www.youtube.com/channel/UCZfHQRVjcPiE7CCDi80T_Gg",https://www.udemy.com/user/552582df2f464/,Thomas McDonald,"3D Artist, Designer & Animator",6902,80306
"https://www.crondose.com/,https://twitter.com/jordanhudgens,https://www.facebook.com/bottegaschool,https://linkedin.com/jordan-hudgens-37442b74,https://www.youtube.com/edutechional",https://www.udemy.com/user/jordanhudgens/,Jordan Hudgens,CTO at Bottega Code School,15370,73545
"http://www.simonsezit.com,https://twitter.com/simonsezit,https://www.facebook.com/SimonSezIT,https://linkedin.com//company/simon-sez-it,https://www.youtube.com/simonsezittraining",https://www.udemy.com/user/simonsezit/,Simon Sez IT,"490,000+ Students | Wordwide Use 180 Countries |150+ Courses",57246,518826
na,https://www.udemy.com/user/7aacd1a1-2931-40c8-8f8c-069e1575a35d/,BrainTree Learning,Business Training,4639,11541
https://twitter.com/abdelfattahben,https://www.udemy.com/user/fettah/,Fettah Ben,"Microsoft ADFS, IT Manager.",7430,110455
"https://virtualskills.teachable.com/,https://www.facebook.com/Themoneyguy-107384610893443/?modal=admin_todo_tour,https://linkedin.com/in/yassin-marco-241619164,https://www.youtube.com/channel/UC_R0QOzc9LiIiFb31GQPjPQ?sub_confirmation=1",https://www.udemy.com/user/ataouyl-yassin/,Yassin Marco,Helped over 1 100 000+ students in 198 countries,32496,1006070
"http://www.simonsezit.com,https://twitter.com/simonsezit,https://www.facebook.com/SimonSezIT,https://linkedin.com//company/simon-sez-it,https://www.youtube.com/simonsezittraining",https://www.udemy.com/user/simonsezit/,Simon Sez IT,"490,000+ Students | Wordwide Use 180 Countries |150+ Courses",57246,518826
"http://www.adamtheautomator.com,https://twitter.com/adbertram,https://linkedin.com/in/adambertram/,https://www.youtube.com/channel/UCH2s99kNN5m3_wXQ245OqsA",https://www.udemy.com/user/adambertram/,Adam Bertram,Microsoft PowerShell MVP,802,6417
na,https://www.udemy.com/user/ahamed-mohideen-ahamed-mohideen-mubeen/,A.M.A.M Mubeen (Expert In Tally & Finance & Microsoft Office),"200,000+ Students | 4+ Rated | 190 + Countries",4195,211252
"https://gcomsolutions.co.uk,https://twitter.com/gamblecompsol,https://www.facebook.com/grantleygamble,https://linkedin.com/in/grantleygamble/,https://www.youtube.com/user/gcscomputertraining",https://www.udemy.com/user/grantgamble/,Grant Gamble,"Developer, trainer and author",5054,65385
na,https://www.udemy.com/user/josh-werner/,Learn Tech Plus,Web Development | Adobe | Google | Microsoft | Productivity,37663,1296064
"https://inspirearun.com,https://twitter.com/inspirearun,https://www.facebook.com/groups/1684162091865678/,https://linkedin.com/in/arun-nagarathanam-66121b26,https://www.youtube.com/c/InspirearunBlogspot?sub_confirmation=1",https://www.udemy.com/user/arun-nagarathanam/,Arun Nagarathanam,Digital Marketing Executive. SEO expert,18217,151956
https://www.youtube.com/channel/UCQRKZIhygTNRPTEmbWQ7LXg,https://www.udemy.com/user/jedguinto/,Jed Guinto,"~445,000 Enrolments, ~185,000 Students, ~12,000 Reviews",13016,194092
"http://www.businessproductivity.com,https://twitter.com/ulrikahedlund,https://www.facebook.com/businessproductivity,https://linkedin.com/in/ulrikahedlund/,https://www.youtube.com/bizproductivity",https://www.udemy.com/user/businessproductivity/,Ulrika Hedlund,Productivity Coach and Entrepreneur,13525,43425
na,https://www.udemy.com/user/navin-soneja-2/,Navin Soneja,Entrepreneur and Mentor,1347,71319
"http://www.qbadvantage.com,https://twitter.com/quickbooksteach,https://www.facebook.com/qbadvantage,https://linkedin.com/in/qbadvantage",https://www.udemy.com/user/susan-ansell-3/,Susan Ansell,Advanced Certified QuickBooks ProAdvisor and Accounant,689,2395
"http://365careers.com/,https://twitter.com/365careers,https://www.facebook.com/365careers,https://linkedin.com/in/nedkokrastev/",https://www.udemy.com/user/365careers/,365 Careers,Creating opportunities for Business & Finance students,467330,1582600
"https://twitter.com/sciencebum,https://www.facebook.com/alexmozes,https://linkedin.com/in/alexmozes",https://www.udemy.com/user/alexmozes/,Alex Mozes,Instructor Liaison,11519,43032
na,https://www.udemy.com/user/intellezy/,na,na,0,0
"https://learn.mikewheelermedia.com,https://twitter.com/mwheelermedia,https://www.facebook.com/groups/MikeWheelerMedia/,https://linkedin.com/in/wheelermike,https://www.youtube.com/mikewheelermedia?sub_confirmation=1",https://www.udemy.com/user/mike-wheeler-5/,Mike Wheeler,"Salesforce Trainer - 150,000+ Students - 28K+ 5-Star Reviews",43276,152914
na,https://www.udemy.com/user/josh-werner/,Learn Tech Plus,Web Development | Adobe | Google | Microsoft | Productivity,37663,1296064
"https://excelmacromastery.com/,https://twitter.com/@MacroMastery,https://www.facebook.com/ExcelMacroMastery,https://www.youtube.com/c/Excelmacromastery",https://www.udemy.com/user/54ad88599f230/,Paul Kelly,"Instructor, Professional Software Developer",1278,7911
"http://www.saptraininghq.com,https://twitter.com/petermoxon,https://www.facebook.com/pages/SAP-Training-HQ/253124688062603",https://www.udemy.com/user/petermoxon/,Peter Moxon,Head Trainer at Sap Training HQ,14122,60834
http://www.sqltutorial.xyz,https://www.udemy.com/user/amarnathrpanyam/,Amarnath Reddy,Oracle Architect & Best Selling Instructor | 27000+ Students,18507,80677
na,https://www.udemy.com/user/intellezy/,na,na,0,0
"http://www.simonsezit.com,https://twitter.com/simonsezit,https://www.facebook.com/SimonSezIT,https://linkedin.com//company/simon-sez-it,https://www.youtube.com/simonsezittraining",https://www.udemy.com/user/simonsezit/,Simon Sez IT,"490,000+ Students | Wordwide Use 180 Countries |150+ Courses",57246,518826
"https://www.xelplus.com,https://twitter.com/LeilaGharani,https://linkedin.com/in/leila-gharani-6b12506?trk=hp-identity-name,https://www.youtube.com/channel/UCJtUOos_MwJa_Ewii-R3cJA",https://www.udemy.com/user/leila-gharani/,Leila Gharani,"Microsoft MVP, Bestselling Instructor",70281,228026
na,https://www.udemy.com/user/farrukhzaheer/,Farrukh Zaheer,SAP MM LE EDI Consultant,761,3651
"http://www.teachack.com,https://twitter.com/DrgStefanescu,https://www.facebook.com/teachack,https://linkedin.com/in/drgstefanescu,https://www.youtube.com//c/TeacHackUdemy?sub_confirmation=1",https://www.udemy.com/user/teachack/,Dragos Stefanescu,"Founder at TeacHack.com |15 Courses & 15,000+ Students",3723,50246
"http://www.businessproductivity.com,https://twitter.com/ulrikahedlund,https://www.facebook.com/businessproductivity,https://linkedin.com/in/ulrikahedlund/,https://www.youtube.com/bizproductivity",https://www.udemy.com/user/businessproductivity/,Ulrika Hedlund,Productivity Coach and Entrepreneur,13525,43425
http://dataminded.co.uk,https://www.udemy.com/user/martynblythin/,Martyn Blythin,"Data Minded Excel Training, 30,000+ students",2155,31452
na,https://www.udemy.com/user/mortenreyes/,Black Sheep Studios,tech geeks,1213,8048
"https://www.heartmindway.com/,https://twitter.com/@Todd_McLeod,https://linkedin.com/in/tamcleod,https://www.youtube.com/user/toddmcleod",https://www.udemy.com/user/toddmcleod/,Todd McLeod,Tenured College Professor,51844,342184
"https://www.crondose.com/,https://twitter.com/jordanhudgens,https://www.facebook.com/bottegaschool,https://linkedin.com/jordan-hudgens-37442b74,https://www.youtube.com/edutechional",https://www.udemy.com/user/jordanhudgens/,Jordan Hudgens,CTO at Bottega Code School,15370,73545
"http://www.learnsmartsystems.com,https://twitter.com/learnsmart,https://www.facebook.com/LearnSmart,https://linkedin.com/in/learnsmart,https://www.youtube.com/LearnSmartSystems",https://www.udemy.com/user/learnsmart/,LearnSmart LLC,Smarter Training. Never Open a Textbook.,19315,157774
"https://twitter.com/IbrahimThoth,https://www.facebook.com/profile.php?id=100005600928168",https://www.udemy.com/user/ibrahim-isaac/,Ibrahim Isaac,"Civil Engineering ,Computer science and programming student",543,24341
"http://www.mosuniversity.com,https://www.facebook.com/SucceedFirstTime,https://linkedin.com/in/david-murphy-b6598b46,https://www.youtube.com/channel/UCV4WxndgYuv59kWXADbDd5g",https://www.udemy.com/user/dave-murphy-4/,Dave Murphy,University Lecturer,3151,12571
"http://escapetoprosperity.com,https://www.facebook.com/bruce.myron.3,https://linkedin.com/in/brucemyron",https://www.udemy.com/user/brucemyron/,Bruce Myron,Productivity Specialist,23665,114277
"https://www.islamicacademyonline.com,https://www.facebook.com/islamicacademyonline,https://www.youtube.com/islamicacademyonline",https://www.udemy.com/user/jawad-abdul-mateen/,Jawad Abdul Mateen,Islamic Academy of Communication Arts,791,19755
"http://www.learnitanytime.com/,https://www.facebook.com/Learn.iT.anywhere,https://www.youtube.com/channel/UCqyBfm_H9ugGirk1ufYA2YA",https://www.udemy.com/user/learnitanytime/,Learnit Anytime,Self-Paced Online Training Videos,7695,26272
na,https://www.udemy.com/user/6e28a4ed-f9e4-4fb8-a076-ad9b60ac2b5c/,Jack Singh,Microsoft Certified SharePoint Professional,545,6112
"http://www.nutsandboltsspeedtraining.com,https://twitter.com/Nuts_BoltsPPT,https://www.facebook.com/nutsandboltsppt,https://www.youtube.com/ppptspeed",https://www.udemy.com/user/taylorcroonquist/,Taylor Croonquist,PowerPoint Speed Trainer,2683,14459
"http://www.zenithsoftsol.com,https://www.facebook.com/pages/Zenith-Software-Solutions-Inc/299624240185542",https://www.udemy.com/user/ahmed538/,Trainer Inc,Certified Realtime IT Trainers,1503,6726
"http://www.saptraininghq.com,https://twitter.com/petermoxon,https://www.facebook.com/pages/SAP-Training-HQ/253124688062603",https://www.udemy.com/user/petermoxon/,Peter Moxon,Head Trainer at Sap Training HQ,14122,60834
"http://www.simonsezit.com,https://twitter.com/simonsezit,https://www.facebook.com/SimonSezIT,https://linkedin.com//company/simon-sez-it,https://www.youtube.com/simonsezittraining",https://www.udemy.com/user/simonsezit/,Simon Sez IT,"490,000+ Students | Wordwide Use 180 Countries |150+ Courses",57246,518826
"http://www.templepath.com,https://www.facebook.com/artikai",https://www.udemy.com/user/arronartikai/,Arron Artikai,"Mac Trainer, Music Producer & Life Coach",884,5015
"http://www.businessproductivity.com,https://twitter.com/ulrikahedlund,https://www.facebook.com/businessproductivity,https://linkedin.com/in/ulrikahedlund/,https://www.youtube.com/bizproductivity",https://www.udemy.com/user/businessproductivity/,Ulrika Hedlund,Productivity Coach and Entrepreneur,13525,43425
"http://www.officenewb.com,https://twitter.com/OfficeNewb,https://linkedin.com/in/kylepew,https://www.youtube.com/channel/UCbCHkRl8AGEVmdF369Er7VQ",https://www.udemy.com/user/kyle-pew/,Kyle Pew,Microsoft Certified Trainer,319295,1017034
na,https://www.udemy.com/user/5474c0e802b5b/,na,na,0,0
na,https://www.udemy.com/user/josh-werner/,Learn Tech Plus,Web Development | Adobe | Google | Microsoft | Productivity,37663,1296064
na,https://www.udemy.com/user/intellezy/,na,na,0,0
http://www.infiniteskills.com,https://www.udemy.com/user/infiniteskills/,Infinite Skills,High Quality Training,121182,1264826
"https://macmost.com,https://twitter.com/rosenz,https://www.facebook.com/macmost,https://linkedin.com/in/rosenz,https://www.youtube.com/macmostvideo",https://www.udemy.com/user/gary-rosenzweig/,MacMost & Gary Rosenzweig,"MacMost, WP Tips and Hacks, Computer book author, Developer",7825,45055
"https://twitter.com/sciencebum,https://www.facebook.com/alexmozes,https://linkedin.com/in/alexmozes",https://www.udemy.com/user/alexmozes/,Alex Mozes,Instructor Liaison,11519,43032
"http://getbiggerbrains.com,https://twitter.com/chiptech,https://www.facebook.com/biggerbrains,https://linkedin.com/chipreaves,https://www.youtube.com/user/biggerbrains743",https://www.udemy.com/user/chipreaves/,Chip Reaves,Bigger Brains,20978,96272
"http://365careers.com/,https://twitter.com/365careers,https://www.facebook.com/365careers,https://linkedin.com/in/nedkokrastev/",https://www.udemy.com/user/365careers/,365 Careers,Creating opportunities for Business & Finance students,467330,1582600
"http://www.simonsezit.com,https://twitter.com/simonsezit,https://www.facebook.com/SimonSezIT,https://linkedin.com//company/simon-sez-it,https://www.youtube.com/simonsezittraining",https://www.udemy.com/user/simonsezit/,Simon Sez IT,"490,000+ Students | Wordwide Use 180 Countries |150+ Courses",57246,518826
"http://www.simonsezit.com,https://twitter.com/simonsezit,https://www.facebook.com/SimonSezIT,https://linkedin.com//company/simon-sez-it,https://www.youtube.com/simonsezittraining",https://www.udemy.com/user/simonsezit/,Simon Sez IT,"490,000+ Students | Wordwide Use 180 Countries |150+ Courses",57246,518826
"https://www.nurturetechacademy.in/,https://www.facebook.com/https://www.facebook.com/nurturetechacademy/,https://linkedin.com/https://www.linkedin.com/company/nurture-tech-academy/about/,https://www.youtube.com/https://www.youtube.com/user/NurtureTechAcademy/videos?view_as=subscriber",https://www.udemy.com/user/nurturetechacademy/,Nurture Tech Academy,Microsoft Office Specialist,2034,40116
"http://andrzejpach.com,https://www.youtube.com/c/learnfrommenet",https://www.udemy.com/user/andrzejpach/,Andrew Pach,Engaged and Passionate PowerPoint & After Effects instructor,32837,301544
"http://www.businessproductivity.com,https://twitter.com/ulrikahedlund,https://www.facebook.com/businessproductivity,https://linkedin.com/in/ulrikahedlund/,https://www.youtube.com/bizproductivity",https://www.udemy.com/user/businessproductivity/,Ulrika Hedlund,Productivity Coach and Entrepreneur,13525,43425
"http://www.dataskills.co,https://twitter.com/DataSkillsCo,https://www.facebook.com/DataSkillsCo,https://linkedin.com/in/ianlj",https://www.udemy.com/user/ianlittlejohn2/,Ian Littlejohn,"Excel Power Tools, Power BI and Google Data Studio Trainer",42733,133098
"http://www.dataskills.co,https://twitter.com/DataSkillsCo,https://www.facebook.com/DataSkillsCo,https://linkedin.com/in/ianlj",https://www.udemy.com/user/ianlittlejohn2/,Ian Littlejohn,"Excel Power Tools, Power BI and Google Data Studio Trainer",42733,133098
"https://twitter.com/https://twitter.com/clboykin,https://www.facebook.com/https://www.facebook.com/boykin.christopher,https://linkedin.com/www.linkedin.com/in/christopher-boykin-mpa-0744601a",https://www.udemy.com/user/christopher-boykin-2/,Christopher Boykin,Software Expert,5593,14947
"http://www.officenewb.com,https://twitter.com/OfficeNewb,https://linkedin.com/in/kylepew,https://www.youtube.com/channel/UCbCHkRl8AGEVmdF369Er7VQ",https://www.udemy.com/user/kyle-pew/,Kyle Pew,Microsoft Certified Trainer,319295,1017034
"http://www.simonsezit.com,https://twitter.com/simonsezit,https://www.facebook.com/SimonSezIT,https://linkedin.com//company/simon-sez-it,https://www.youtube.com/simonsezittraining",https://www.udemy.com/user/simonsezit/,Simon Sez IT,"490,000+ Students | Wordwide Use 180 Countries |150+ Courses",57246,518826
na,https://www.udemy.com/user/janedoe5/,Ulrika Garner,"Zertifizierte Beraterin für SAP MM, Hobby: Fotobearbeitung",13153,46654
"http://standout-dev.com,https://twitter.com/CarlosDLG,https://www.facebook.com/Carlos.DLG.gt,https://linkedin.com/in/carlosdlg,https://www.youtube.com/channel/UCqMxW95HWIJL9g5Yx43Nrvg",https://www.udemy.com/user/carlosdeleon/,Carlos from Standout-Dev Academy,Software Development Director & Chief Educator,6528,78196
"https://linkedin.com/https://www.linkedin.com/in/kristaanivory71353611a/,https://www.youtube.com/https://www.youtube.com/channel/UCkEXu_4_LUfi9dabtfKgSnw?",https://www.udemy.com/user/kristaan-ivory/,Kris Ivory,Instructor,771,12533
"https://www.youtube.com/user/1oneskill,https://www.facebook.com/powerpoint1skill,https://www.youtube.com/user/1oneskill",https://www.udemy.com/user/one-skill/,One Skill,Creates Awesome PowerPoint Tutorials,590,1860
na,https://www.udemy.com/user/intellezy/,na,na,0,0
"http://civiltechnology4you.com/,https://twitter.com/mudsirhashmi,https://www.facebook.com/mudassir afraz,https://www.youtube.com/mudassirafraz",https://www.udemy.com/user/mudassir-afraz/,Mudessar Afraz,Planning Engineer,3366,18637
na,https://www.udemy.com/user/intellezy/,na,na,0,0
"http://www.teachack.com,https://twitter.com/DrgStefanescu,https://www.facebook.com/teachack,https://linkedin.com/in/drgstefanescu,https://www.youtube.com//c/TeacHackUdemy?sub_confirmation=1",https://www.udemy.com/user/teachack/,Dragos Stefanescu,"Founder at TeacHack.com |15 Courses & 15,000+ Students",3723,50246
https://www.youtube.com/channel/UCQRKZIhygTNRPTEmbWQ7LXg,https://www.udemy.com/user/jedguinto/,Jed Guinto,"~445,000 Enrolments, ~185,000 Students, ~12,000 Reviews",13016,194092
"http://learngood.in,https://twitter.com/https://twitter.com/Learn_Good,https://www.facebook.com/https://www.facebook.com/learngood.in,https://linkedin.com//in/srikanthsr",https://www.udemy.com/user/srikanth14/,Srikanth Shirodkar,LearnGood.in,19970,88744
"http://www.syncopa.net,https://www.facebook.com/syncopaproductions,https://www.youtube.com/channel/UCvHW0m6de3k7uKrr2GnY1PQ",https://www.udemy.com/user/rafisaar/,Rafi Saar,Owner Syncopa Productions and Software Engineer,6479,23506
"http://www.sanrusha.com,https://twitter.com/sanrushaconsult,https://linkedin.com/in/sanjaysinghpm/,https://www.youtube.com//channel/UCMiNrwcyMl0hHoin6hcLO1w",https://www.udemy.com/user/22cd3e00-a2d5-41c7-8630-2b69452f00ae/,Sanjay Singh,Data and Machine Learning Professional,1969,7192
"http://www.mellontraining.com,https://twitter.com/mellontraining,https://www.facebook.com/mellontraining,https://linkedin.com/in/AndreasExadaktylos,https://www.youtube.com/user/mellontraining",https://www.udemy.com/user/andrewex/,Andreas Exadaktylos,Best Selling Teacher | Msc Computer Scientist,7277,30731
"http://www.businessproductivity.com,https://twitter.com/ulrikahedlund,https://www.facebook.com/businessproductivity,https://linkedin.com/in/ulrikahedlund/,https://www.youtube.com/bizproductivity",https://www.udemy.com/user/businessproductivity/,Ulrika Hedlund,Productivity Coach and Entrepreneur,13525,43425
"http://www.saptraininghq.com,https://twitter.com/petermoxon,https://www.facebook.com/pages/SAP-Training-HQ/253124688062603",https://www.udemy.com/user/petermoxon/,Peter Moxon,Head Trainer at Sap Training HQ,14122,60834
"http://www.dreamforce.us,https://twitter.com/KirtKershaw,https://linkedin.com/in/kirt-kershaw-33874410/,https://www.youtube.com/user/videotrainingpro",https://www.udemy.com/user/kirt-kershaw/,Kirt Kershaw,Microsoft Certified Trainer - Training Microsoft Since 2000!,4213,19606
"http://www.instructing.com,https://twitter.com/JosephPhillips,https://www.facebook.com/PhillipsJDP/,https://linkedin.com/in/srqphillips/,https://www.youtube.com/channel/UCYosOEl1WeS1tvJGgeT3eCA",https://www.udemy.com/user/josephphillips2/,Joseph Phillips,"PMP, PMI-ACP, Project+, ITIL, PSM I, CTT+",162350,507374
"http://digitalegghead.com,https://twitter.com/digital_egghead,https://www.facebook.com/DigitalEgghead,https://linkedin.com/in/joebuchmann,https://www.youtube.com/c/Digitalegghead",https://www.udemy.com/user/joebuchmann/,Joe Buchmann,Business Owner and Professional Designer/Developer,3347,18061
"http://alangjarvis.com,https://twitter.com/@AlanGJarvis,https://linkedin.com/alan-jarvis-75537167,https://www.youtube.com/channel/UCKOmJyACuNEPTiIFGLH1twA",https://www.udemy.com/user/alanjarvis2/,Alan Jarvis,"Everything Is Easy, Once You Know How - 100,000+ Students!",23020,118055
"https://www.erinbooth.com/,https://twitter.com/erinboothva,https://linkedin.com/in/erinfrostbooth/,https://www.youtube.com/erinbooth",https://www.udemy.com/user/erin-booth/,Erin Booth,Virtual Assistant Mentor,3127,25997
"http://www.saptraininghq.com,https://twitter.com/petermoxon,https://www.facebook.com/pages/SAP-Training-HQ/253124688062603",https://www.udemy.com/user/petermoxon/,Peter Moxon,Head Trainer at Sap Training HQ,14122,60834
"http://www.officenewb.com,https://twitter.com/OfficeNewb,https://linkedin.com/in/kylepew,https://www.youtube.com/channel/UCbCHkRl8AGEVmdF369Er7VQ",https://www.udemy.com/user/kyle-pew/,Kyle Pew,Microsoft Certified Trainer,319295,1017034
"https://www.facebook.com/profile.php?id=100007022288702,https://linkedin.com/in/samer-ali-ph-d-02a3182b/,https://www.youtube.com/channel/UCcbluUx6tnI-An33Bjk6qhA",https://www.udemy.com/user/samer-ali-20/,Prof. Samer,Professor of Mechanical Engineering,1246,99058
http://www.parallellearning.in,https://www.udemy.com/user/ioniya/,Parallel Learning,"When you know better, You Do better !!",4883,55345
"https://www.jobreadyprogrammer.com,https://www.youtube.com/https://www.youtube.com/watch?v=bANyZYxJFFg",https://www.udemy.com/user/548b0c1fdecb5/,Waqar Ahmad,Data Scientist,1307,15023
na,https://www.udemy.com/user/planningguru/,"Construction Project Management Guru (PSP, PMI-SP, PMP, Excel Charts, Excel Dashboard, Excel Analytics, Excel Shortcuts",Promoting Professionalism in Planning and Scheduling.,1237,5654
na,https://www.udemy.com/user/janedoe5/,Ulrika Garner,"Zertifizierte Beraterin für SAP MM, Hobby: Fotobearbeitung",13153,46654
https://www.youtube.com/channel/UCQRKZIhygTNRPTEmbWQ7LXg,https://www.udemy.com/user/jedguinto/,Jed Guinto,"~445,000 Enrolments, ~185,000 Students, ~12,000 Reviews",13016,194092
http://www.skillshost.com,https://www.udemy.com/user/548657673a1b6/,Dhruv Bais,Master Programmer and Machine Learning Robot,8425,131393
na,https://www.udemy.com/user/intellezy/,na,na,0,0
"http://365careers.com/,https://twitter.com/365careers,https://www.facebook.com/365careers,https://linkedin.com/in/nedkokrastev/",https://www.udemy.com/user/365careers/,365 Careers,Creating opportunities for Business & Finance students,467330,1582600
"http://www.techsckool.com/,https://www.facebook.com/groups/TechSckool,https://linkedin.com/in/vijay-saini-10759a8b/,https://www.youtube.com/c/TechSckool_Vijay",https://www.udemy.com/user/vijay-saini-2/,TechSckool By Vijay,Dreamer of educated world,3580,59250
"http://www.businessproductivity.com,https://twitter.com/ulrikahedlund,https://www.facebook.com/businessproductivity,https://linkedin.com/in/ulrikahedlund/,https://www.youtube.com/bizproductivity",https://www.udemy.com/user/businessproductivity/,Ulrika Hedlund,Productivity Coach and Entrepreneur,13525,43425
"http://escapetoprosperity.com,https://www.facebook.com/bruce.myron.3,https://linkedin.com/in/brucemyron",https://www.udemy.com/user/brucemyron/,Bruce Myron,Productivity Specialist,23665,114277
"http://escapetoprosperity.com,https://www.facebook.com/bruce.myron.3,https://linkedin.com/in/brucemyron",https://www.udemy.com/user/brucemyron/,Bruce Myron,Productivity Specialist,23665,114277
https://www.youtube.com/channel/UC8_LbBfhMshZPaKIRrNIpVQ,https://www.udemy.com/user/stevemcdonald2/,Steve McDonald,Dedicated Instructor Will Help You Excel | 300K+ Students,31579,404578
"http://www.mellontraining.com,https://twitter.com/mellontraining,https://www.facebook.com/mellontraining,https://linkedin.com/in/AndreasExadaktylos,https://www.youtube.com/user/mellontraining",https://www.udemy.com/user/andrewex/,Andreas Exadaktylos,Best Selling Teacher | Msc Computer Scientist,7277,30731
"https://twitter.com/elcinabbas1,https://www.facebook.com/abbaselcin,https://linkedin.com/elcinabbas,https://www.youtube.com/ElçinAbbasov1993",https://www.udemy.com/user/elchin-abbasov-2/,Elchin Abbasov,Computer Science Teacher,570,54990
"http://www.dataskills.co,https://twitter.com/DataSkillsCo,https://www.facebook.com/DataSkillsCo,https://linkedin.com/in/ianlj",https://www.udemy.com/user/ianlittlejohn2/,Ian Littlejohn,"Excel Power Tools, Power BI and Google Data Studio Trainer",42733,133098
"http://www.simonsezit.com,https://twitter.com/simonsezit,https://www.facebook.com/SimonSezIT,https://linkedin.com//company/simon-sez-it,https://www.youtube.com/simonsezittraining",https://www.udemy.com/user/simonsezit/,Simon Sez IT,"490,000+ Students | Wordwide Use 180 Countries |150+ Courses",57246,518826
"http://www.tjwalker.com,https://twitter.com/TJWalkertweets,https://www.facebook.com/tjwalkerspeaktoinfluence,https://linkedin.com/in/tjwalkerpublicspeaking/,https://www.youtube.com/mediatraining",https://www.udemy.com/user/tjwalker2/,TJ Walker,BestSelling Personal Development & Habits Expert,102876,1253533
"http://www.officenewb.com,https://twitter.com/OfficeNewb,https://linkedin.com/in/kylepew,https://www.youtube.com/channel/UCbCHkRl8AGEVmdF369Er7VQ",https://www.udemy.com/user/kyle-pew/,Kyle Pew,Microsoft Certified Trainer,319295,1017034
na,https://www.udemy.com/user/george-boyle-9/,George Boyle,Sr. SAP Consultant @ Accenture | Ex-startup founder,2710,122079
na,https://www.udemy.com/user/intellezy/,na,na,0,0
"http://www.officenewb.com,https://twitter.com/OfficeNewb,https://linkedin.com/in/kylepew,https://www.youtube.com/channel/UCbCHkRl8AGEVmdF369Er7VQ",https://www.udemy.com/user/kyle-pew/,Kyle Pew,Microsoft Certified Trainer,319295,1017034
"http://kettleandfire.com,https://twitter.com/jwmares,https://www.facebook.com/jwmares",https://www.udemy.com/user/justinmares/,Justin Mares,"Traction Book author, growth at Airbrake/Exceptional",8410,120957
"https://virtualskills.teachable.com/,https://www.facebook.com/Themoneyguy-107384610893443/?modal=admin_todo_tour,https://linkedin.com/in/yassin-marco-241619164,https://www.youtube.com/channel/UC_R0QOzc9LiIiFb31GQPjPQ?sub_confirmation=1",https://www.udemy.com/user/ataouyl-yassin/,Yassin Marco,Helped over 1 100 000+ students in 198 countries,32496,1006070
https://linkedin.com/in/abdul-maulud-2049b0/,https://www.udemy.com/user/abdulmaulud/,Abdul Maulud,SAP Solution Architect,4924,21833
na,https://www.udemy.com/user/instructorskillfinlearning/,na,na,0,0
na,https://www.udemy.com/user/intellezy/,na,na,0,0
"https://www.dynamicslabs.io,https://linkedin.com/in/satishreddyv,https://www.youtube.com/user/satish1024",https://www.udemy.com/user/satish-405/,"Satish Reddy | Over 30,000 Students | Microsoft Certified Trainer",Ex-Microsoft ‖ Microsoft Certified Trainer and Architect,3882,25204
"https://www.trulabz.in,https://www.facebook.com/trulabz,https://www.youtube.com/trulabzbynipun",https://www.udemy.com/user/trulabz-technologies-2/,Trulabz Technologies,Trainer and Mentor since 2014,1299,46556
"http://getbiggerbrains.com,https://twitter.com/chiptech,https://www.facebook.com/biggerbrains,https://linkedin.com/chipreaves,https://www.youtube.com/user/biggerbrains743",https://www.udemy.com/user/chipreaves/,Chip Reaves,Bigger Brains,20978,96272
https://twitter.com/drmeservy,https://www.udemy.com/user/techmountainconsulting/,Tom Meservy,Professor and Consultant,16563,51707
na,https://www.udemy.com/user/henry-legge-2/,Henry Legge,Management Consultant | Data Scientist | No-Code Specialist,5658,24229
"https://efficiency365.com,https://twitter.com/drnitinp,https://www.facebook.com/efficiency365,https://linkedin.com/in/nitinparanjape,https://www.youtube.com/efficiency365",https://www.udemy.com/user/55749e4485e16/,Dr. Nitin Paranjape,Microsoft Most Valuable Professional for Office System,3628,10187
"http://www.excel-university.com,https://linkedin.com/in/jefflenning",https://www.udemy.com/user/jefflenning/,Jeff Lenning,Microsoft Certified Trainer,6985,89434
"https://twitter.com/umarsaeedspeaks,https://linkedin.com/https://www.linkedin.com/in/umarsaeediqbal/",https://www.udemy.com/user/umar-iqbal-4/,Umar Iqbal,Author and Speaker,1948,21761
"http://andrzejpach.com,https://www.youtube.com/c/learnfrommenet",https://www.udemy.com/user/andrzejpach/,Andrew Pach,Engaged and Passionate PowerPoint & After Effects instructor,32837,301544
"https://www.mavenanalytics.io,https://www.facebook.com/mavenanalytics,https://linkedin.com/company/maven-analytics,https://www.youtube.com/channel/UCFqInmJykuVFKzi6uQl_ySg/",https://www.udemy.com/user/maven-analytics/,Maven Analytics,Award-Winning Analytics & Business Intelligence Training,190538,567941
"http://www.likeabosslearning.com/,https://twitter.com/hmsbrian,https://linkedin.com/in/hmsbrian",https://www.udemy.com/user/brianculp2/,Brian Culp,100k+ students • 3M+ student minutes • MS Certified Trainer,21900,90669
"http://www.simonsezit.com,https://twitter.com/simonsezit,https://www.facebook.com/SimonSezIT,https://linkedin.com//company/simon-sez-it,https://www.youtube.com/simonsezittraining",https://www.udemy.com/user/simonsezit/,Simon Sez IT,"490,000+ Students | Wordwide Use 180 Countries |150+ Courses",57246,518826
"http://www.officenewb.com,https://twitter.com/OfficeNewb,https://linkedin.com/in/kylepew,https://www.youtube.com/channel/UCbCHkRl8AGEVmdF369Er7VQ",https://www.udemy.com/user/kyle-pew/,Kyle Pew,Microsoft Certified Trainer,319295,1017034
http://www.parallellearning.in,https://www.udemy.com/user/ioniya/,Parallel Learning,"When you know better, You Do better !!",4883,55345
"https://www.softtechno.co.uk/,https://linkedin.com/in/rana-w-mehmood-92b63049/",https://www.udemy.com/user/rana-w-mehmood/,Rana W Mehmood,SAP Functional Consultant,8497,38220
"https://www.erinbooth.com/,https://twitter.com/erinboothva,https://linkedin.com/in/erinfrostbooth/,https://www.youtube.com/erinbooth",https://www.udemy.com/user/erin-booth/,Erin Booth,Virtual Assistant Mentor,3127,25997
"http://www.dataskills.co,https://twitter.com/DataSkillsCo,https://www.facebook.com/DataSkillsCo,https://linkedin.com/in/ianlj",https://www.udemy.com/user/ianlittlejohn2/,Ian Littlejohn,"Excel Power Tools, Power BI and Google Data Studio Trainer",42733,133098
https://linkedin.com/https://tr.linkedin.com/pub/esra-ekiz/2a/151/89a,https://www.udemy.com/user/54834d543c56c/,Esra Ekiz,Product Owner & Analytic Consultant,969,4920
"http://365careers.com/,https://twitter.com/365careers,https://www.facebook.com/365careers,https://linkedin.com/in/nedkokrastev/",https://www.udemy.com/user/365careers/,365 Careers,Creating opportunities for Business & Finance students,467330,1582600
"http://www.4seotraining.com.au,https://www.youtube.com//user/CheltenhamTutorials",https://www.udemy.com/user/55507604a21d3/,David Murray,"20 years SEO Experience | Over 73,000 Students",3365,95441
http://www.computerclasses.ie,https://www.udemy.com/user/colinmarks/,Colin Marks,Certified Microsoft & Apple Trainer,2490,10353
"http://www.mellontraining.com,https://twitter.com/mellontraining,https://www.facebook.com/mellontraining,https://linkedin.com/in/AndreasExadaktylos,https://www.youtube.com/user/mellontraining",https://www.udemy.com/user/andrewex/,Andreas Exadaktylos,Best Selling Teacher | Msc Computer Scientist,7277,30731
na,https://www.udemy.com/user/george-boyle-9/,George Boyle,Sr. SAP Consultant @ Accenture | Ex-startup founder,2710,122079
"http://escapetoprosperity.com,https://www.facebook.com/bruce.myron.3,https://linkedin.com/in/brucemyron",https://www.udemy.com/user/brucemyron/,Bruce Myron,Productivity Specialist,23665,114277
na,https://www.udemy.com/user/josh-werner/,Learn Tech Plus,Web Development | Adobe | Google | Microsoft | Productivity,37663,1296064
"https://www.mavenanalytics.io,https://www.facebook.com/mavenanalytics,https://linkedin.com/company/maven-analytics,https://www.youtube.com/channel/UCFqInmJykuVFKzi6uQl_ySg/",https://www.udemy.com/user/maven-analytics/,Maven Analytics,Award-Winning Analytics & Business Intelligence Training,190538,567941
"http://www.learnitanytime.com/,https://www.facebook.com/Learn.iT.anywhere,https://www.youtube.com/channel/UCqyBfm_H9ugGirk1ufYA2YA",https://www.udemy.com/user/learnitanytime/,Learnit Anytime,Self-Paced Online Training Videos,7695,26272
"https://www.heartmindway.com/,https://twitter.com/@Todd_McLeod,https://linkedin.com/in/tamcleod,https://www.youtube.com/user/toddmcleod",https://www.udemy.com/user/toddmcleod/,Todd McLeod,Tenured College Professor,51844,342184
"http://www.simonsezit.com,https://twitter.com/simonsezit,https://www.facebook.com/SimonSezIT,https://linkedin.com//company/simon-sez-it,https://www.youtube.com/simonsezittraining",https://www.udemy.com/user/simonsezit/,Simon Sez IT,"490,000+ Students | Wordwide Use 180 Countries |150+ Courses",57246,518826
"http://www.dreamforce.us,https://twitter.com/KirtKershaw,https://linkedin.com/in/kirt-kershaw-33874410/,https://www.youtube.com/user/videotrainingpro",https://www.udemy.com/user/kirt-kershaw/,Kirt Kershaw,Microsoft Certified Trainer - Training Microsoft Since 2000!,4213,19606
https://linkedin.com/in/abdul-maulud-2049b0/,https://www.udemy.com/user/abdulmaulud/,Abdul Maulud,SAP Solution Architect,4924,21833
http://www.sqltutorial.xyz,https://www.udemy.com/user/amarnathrpanyam/,Amarnath Reddy,Oracle Architect & Best Selling Instructor | 27000+ Students,18507,80677
http://www.infiniteskills.com,https://www.udemy.com/user/infiniteskills/,Infinite Skills,High Quality Training,121182,1264826
https://linkedin.com/in/svekis,https://www.udemy.com/user/lars51/,Laurence Svekis,"Instructor, GDE, Application Developer",44991,777060
"http://365careers.com/,https://twitter.com/365careers,https://www.facebook.com/365careers,https://linkedin.com/in/nedkokrastev/",https://www.udemy.com/user/365careers/,365 Careers,Creating opportunities for Business & Finance students,467330,1582600
"http://christiancreative.academy,https://twitter.com/davidleemartin,https://www.facebook.com/davidleemartinauthor,https://linkedin.com/davidleemartin,https://www.youtube.com/channel/UCqoTSCGbQ218CxL3wzhu9lQ",https://www.udemy.com/user/davidleemartin/,David Lee Martin,"Indie author, self publisher, entrepreneur, husband and dad!",1702,26769
"http://www.netresulttraining.co.uk/,https://twitter.com/VisioTutorials,https://www.facebook.com/david.millard.507",https://www.udemy.com/user/davidmillard/,David Millard,Microsoft Certified Trainer,1229,4052
"http://www.sapacademy.ca,https://twitter.com/sapacademyca,https://www.facebook.com/sapacademy.ca",https://www.udemy.com/user/sadim-rasheed-3/,SAP Academy,SAP Academy Inc,2128,9021
na,https://www.udemy.com/user/intellezy/,na,na,0,0
"https://virtualskills.teachable.com/,https://www.facebook.com/Themoneyguy-107384610893443/?modal=admin_todo_tour,https://linkedin.com/in/yassin-marco-241619164,https://www.youtube.com/channel/UC_R0QOzc9LiIiFb31GQPjPQ?sub_confirmation=1",https://www.udemy.com/user/ataouyl-yassin/,Yassin Marco,Helped over 1 100 000+ students in 198 countries,32496,1006070
"http://www.likeabosslearning.com/,https://twitter.com/hmsbrian,https://linkedin.com/in/hmsbrian",https://www.udemy.com/user/brianculp2/,Brian Culp,100k+ students • 3M+ student minutes • MS Certified Trainer,21900,90669
http://www.infiniteskills.com,https://www.udemy.com/user/infiniteskills/,Infinite Skills,High Quality Training,121182,1264826
na,https://www.udemy.com/user/josh-werner/,Learn Tech Plus,Web Development | Adobe | Google | Microsoft | Productivity,37663,1296064
"https://www.xelplus.com,https://twitter.com/LeilaGharani,https://linkedin.com/in/leila-gharani-6b12506?trk=hp-identity-name,https://www.youtube.com/channel/UCJtUOos_MwJa_Ewii-R3cJA",https://www.udemy.com/user/leila-gharani/,Leila Gharani,"Microsoft MVP, Bestselling Instructor",70281,228026
"http://www.dontgetmadgetskills.com,https://twitter.com/billywigley,https://www.facebook.com/DontGetMadGetSkills,https://linkedin.com/in/billywigley,https://www.youtube.com/subscription_center?add_user=BillyMrAloha",https://www.udemy.com/user/billywigley/,Billy Wigley,"Microsoft Certified Trainer (MCT), MOS Excel Expert",8455,27673
"https://www.mavenanalytics.io,https://www.facebook.com/mavenanalytics,https://linkedin.com/company/maven-analytics,https://www.youtube.com/channel/UCFqInmJykuVFKzi6uQl_ySg/",https://www.udemy.com/user/maven-analytics/,Maven Analytics,Award-Winning Analytics & Business Intelligence Training,190538,567941
"https://www.softtechno.co.uk/,https://linkedin.com/in/rana-w-mehmood-92b63049/",https://www.udemy.com/user/rana-w-mehmood/,Rana W Mehmood,SAP Functional Consultant,8497,38220
na,https://www.udemy.com/user/ahamed-mohideen-ahamed-mohideen-mubeen/,A.M.A.M Mubeen (Expert In Tally & Finance & Microsoft Office),"200,000+ Students | 4+ Rated | 190 + Countries",4195,211252
na,https://www.udemy.com/user/fredrick-higgins-3/,Fredrick Higgins,Senior Analytics BI Consultant at Accenture,1602,105649
https://www.youtube.com/channel/UC8_LbBfhMshZPaKIRrNIpVQ,https://www.udemy.com/user/stevemcdonald2/,Steve McDonald,Dedicated Instructor Will Help You Excel | 300K+ Students,31579,404578
na,https://www.udemy.com/user/intellezy/,na,na,0,0
https://linkedin.com/profile/view?id=34361442,https://www.udemy.com/user/lukman16/,Lukman Hakim,Certified SAP ABAP Consultant & SAP Trainer,1094,5616
"https://www.hudsoncourses.com/,https://twitter.com/hudsoncourses,https://www.facebook.com/hudsoncourses/,https://linkedin.com/hudsoncourses",https://www.udemy.com/user/hudson-9/,Hudson Courses,Leaders in Learning,696,10058
na,https://www.udemy.com/user/marktalbert/,na,na,0,0
"http://www.urbizedge.com,https://twitter.com/olafusimichael,https://www.facebook.com/olafusimichael,https://linkedin.com/in/olafusimichael,https://www.youtube.com/olafusimichael",https://www.udemy.com/user/michaelolafusi/,Michael Olafusi,"7x Microsoft MVP, Financial Modeler & BI Professional",2827,40641
"http://escapetoprosperity.com,https://www.facebook.com/bruce.myron.3,https://linkedin.com/in/brucemyron",https://www.udemy.com/user/brucemyron/,Bruce Myron,Productivity Specialist,23665,114277
http://www.reviewndeals.com/,https://www.udemy.com/user/ankeshpareek/,Ankesh Pareek,Web Master-Designer,799,15308
https://www.youtube.com/channel/UCQRKZIhygTNRPTEmbWQ7LXg,https://www.udemy.com/user/jedguinto/,Jed Guinto,"~445,000 Enrolments, ~185,000 Students, ~12,000 Reviews",13016,194092
"https://www.minervaedutechs.com/,https://www.facebook.com/amey.vidvans.7,https://linkedin.com/in/amey-vidvans-145aa7a",https://www.udemy.com/user/9f5a7f3a-5844-4c83-baf1-1cea4267b2b0/,Amey Vidvans,"Project Manager,Corporate Trainer,Yoga Wellness Instructor",1283,20513
"http://www.simonsezit.com,https://twitter.com/simonsezit,https://www.facebook.com/SimonSezIT,https://linkedin.com//company/simon-sez-it,https://www.youtube.com/simonsezittraining",https://www.udemy.com/user/simonsezit/,Simon Sez IT,"490,000+ Students | Wordwide Use 180 Countries |150+ Courses",57246,518826
"http://www.simonsezit.com,https://twitter.com/simonsezit,https://www.facebook.com/SimonSezIT,https://linkedin.com//company/simon-sez-it,https://www.youtube.com/simonsezittraining",https://www.udemy.com/user/simonsezit/,Simon Sez IT,"490,000+ Students | Wordwide Use 180 Countries |150+ Courses",57246,518826
"https://www.mach42productions.com,https://twitter.com/Mach42P,https://www.facebook.com/mach42productions,https://www.youtube.com/channel/UCmrfG0Li5di0gY6mWomKLWQ",https://www.udemy.com/user/mach42productions/,Mach 42 Productions,"Excel Consulting | 21,000+ Students",1456,22884
"http://iamdev.net,https://linkedin.com/profile/preview?locale=en_US&trk=prof-0-sb-preview-primary-button,https://www.youtube.com/watch?v=2N-yvPrCcR8&list=PLxvooGgpi4Ncll6Z-NUez8bHnt8otqbMt",https://www.udemy.com/user/grant-klimaytys/,Grant Klimaytys,Former Google Engineer and Professional App Developer,17739,277434
https://linkedin.com/in/halvardbastiansen/,https://www.udemy.com/user/halvard-bastiansen-2/,Halvard Bastiansen,Excel instructor,522,7709
http://www.infiniteskills.com,https://www.udemy.com/user/infiniteskills/,Infinite Skills,High Quality Training,121182,1264826
"http://www.alfilsap.com,https://www.facebook.com/rnaya,https://linkedin.com/in/ricardonaya,https://www.youtube.com/https://www.youtube.com/channel/UCO0T6-HsvCe1tg_iQy3G-tA",https://www.udemy.com/user/ricardonayaarboleya/,Ricardo Naya,Freelance Consultant SAP,4168,32535
"http://www.dontgetmadgetskills.com,https://twitter.com/billywigley,https://www.facebook.com/DontGetMadGetSkills,https://linkedin.com/in/billywigley,https://www.youtube.com/subscription_center?add_user=BillyMrAloha",https://www.udemy.com/user/billywigley/,Billy Wigley,"Microsoft Certified Trainer (MCT), MOS Excel Expert",8455,27673
"http://www.sapacademy.ca,https://twitter.com/sapacademyca,https://www.facebook.com/sapacademy.ca",https://www.udemy.com/user/sadim-rasheed-3/,SAP Academy,SAP Academy Inc,2128,9021
"http://www.myonlinetraininghub.com,https://twitter.com/onlinetrainingh,https://www.facebook.com/myonlinetraininghub,https://linkedin.com/myndatreacy,https://www.youtube.com/myonlinetraininghub",https://www.udemy.com/user/myndatreacy/,Mynda Treacy,"Microsoft Excel MVP, Teaching 25,000+ Students",13542,138528
"http://www.businessproductivity.com,https://twitter.com/ulrikahedlund,https://www.facebook.com/businessproductivity,https://linkedin.com/in/ulrikahedlund/,https://www.youtube.com/bizproductivity",https://www.udemy.com/user/businessproductivity/,Ulrika Hedlund,Productivity Coach and Entrepreneur,13525,43425
https://www.facebook.com/ij.stables,https://www.udemy.com/user/ianstables/,Ian Stables,"Kindle author. More than 100,000 students",2949,129367
"https://www.xelplus.com,https://twitter.com/LeilaGharani,https://linkedin.com/in/leila-gharani-6b12506?trk=hp-identity-name,https://www.youtube.com/channel/UCJtUOos_MwJa_Ewii-R3cJA",https://www.udemy.com/user/leila-gharani/,Leila Gharani,"Microsoft MVP, Bestselling Instructor",70281,228026
"http://www.dataskills.co,https://twitter.com/DataSkillsCo,https://www.facebook.com/DataSkillsCo,https://linkedin.com/in/ianlj",https://www.udemy.com/user/ianlittlejohn2/,Ian Littlejohn,"Excel Power Tools, Power BI and Google Data Studio Trainer",42733,133098
"https://www.srinivasit.com/,https://twitter.com/Srinivasitcom,https://www.facebook.com//groups/sapintegrations/,https://linkedin.com/in/srinivasitcom/,https://www.youtube.com/c/srinivasvanamala",https://www.udemy.com/user/srinivas-192/,Srinivas Vanamala,SAP Integration Architect,5940,44038
"http://www.officenewb.com,https://twitter.com/OfficeNewb,https://linkedin.com/in/kylepew,https://www.youtube.com/channel/UCbCHkRl8AGEVmdF369Er7VQ",https://www.udemy.com/user/kyle-pew/,Kyle Pew,Microsoft Certified Trainer,319295,1017034
"http://www.saptraininghq.com,https://twitter.com/petermoxon,https://www.facebook.com/pages/SAP-Training-HQ/253124688062603",https://www.udemy.com/user/petermoxon/,Peter Moxon,Head Trainer at Sap Training HQ,14122,60834
"https://www.mavenanalytics.io,https://www.facebook.com/mavenanalytics,https://linkedin.com/company/maven-analytics,https://www.youtube.com/channel/UCFqInmJykuVFKzi6uQl_ySg/",https://www.udemy.com/user/maven-analytics/,Maven Analytics,Award-Winning Analytics & Business Intelligence Training,190538,567941
"https://www.instagram.com/staywithusac/,https://www.facebook.com/staywithusac/,https://linkedin.com/in/kulikovdenis1/,https://www.youtube.com/channel/UCyEMBKTxk2Jomg6EWjl7m-Q",https://www.udemy.com/user/denis-385/,Denis Kulikov,"Enterpreneur, dancer, teacher, scientist, rapper and IDK",1243,83097
"https://macmost.com,https://twitter.com/rosenz,https://www.facebook.com/macmost,https://linkedin.com/in/rosenz,https://www.youtube.com/macmostvideo",https://www.udemy.com/user/gary-rosenzweig/,MacMost & Gary Rosenzweig,"MacMost, WP Tips and Hacks, Computer book author, Developer",7825,45055
"http://www.ipversity.com/,https://twitter.com/IPversity,https://www.facebook.com/ipversityccnatraining,https://linkedin.com/organization/9336263/,https://www.youtube.com/channel/UCCGdJ_-gephmfBXp-M5GyzA",https://www.udemy.com/user/mattcarey4/,Matt Carey,Cisco CCNA Instructor - IPversity,7637,54959
"http://kettleandfire.com,https://twitter.com/jwmares,https://www.facebook.com/jwmares",https://www.udemy.com/user/justinmares/,Justin Mares,"Traction Book author, growth at Airbrake/Exceptional",8410,120957
http://www.parallellearning.in,https://www.udemy.com/user/ioniya/,Parallel Learning,"When you know better, You Do better !!",4883,55345
"https://www.xelplus.com,https://twitter.com/LeilaGharani,https://linkedin.com/in/leila-gharani-6b12506?trk=hp-identity-name,https://www.youtube.com/channel/UCJtUOos_MwJa_Ewii-R3cJA",https://www.udemy.com/user/leila-gharani/,Leila Gharani,"Microsoft MVP, Bestselling Instructor",70281,228026
"https://www.symonhe.com,https://linkedin.com/in/symonhe",https://www.udemy.com/user/wcieducation/,Symon He,Author | Investor | MBA,28390,241306
https://www.youtube.com/channel/UC8_LbBfhMshZPaKIRrNIpVQ,https://www.udemy.com/user/stevemcdonald2/,Steve McDonald,Dedicated Instructor Will Help You Excel | 300K+ Students,31579,404578
na,https://www.udemy.com/user/intellezy/,na,na,0,0
"http://www.businessproductivity.com,https://twitter.com/ulrikahedlund,https://www.facebook.com/businessproductivity,https://linkedin.com/in/ulrikahedlund/,https://www.youtube.com/bizproductivity",https://www.udemy.com/user/businessproductivity/,Ulrika Hedlund,Productivity Coach and Entrepreneur,13525,43425
na,https://www.udemy.com/user/intellezy/,na,na,0,0
"http://www.simonsezit.com,https://twitter.com/simonsezit,https://www.facebook.com/SimonSezIT,https://linkedin.com//company/simon-sez-it,https://www.youtube.com/simonsezittraining",https://www.udemy.com/user/simonsezit/,Simon Sez IT,"490,000+ Students | Wordwide Use 180 Countries |150+ Courses",57246,518826
"http://www.ciaops.com,https://twitter.com/directorcia,https://www.facebook.com/ciaops,https://linkedin.com/in/ciaops,https://www.youtube.com/directorciaops",https://www.udemy.com/user/robert-crane/,Robert Crane,Technical Specialist and Microsoft MVP,2889,11426
https://www.youtube.com/channel/UC8_LbBfhMshZPaKIRrNIpVQ,https://www.udemy.com/user/stevemcdonald2/,Steve McDonald,Dedicated Instructor Will Help You Excel | 300K+ Students,31579,404578
http://www.sqltutorial.xyz,https://www.udemy.com/user/amarnathrpanyam/,Amarnath Reddy,Oracle Architect & Best Selling Instructor | 27000+ Students,18507,80677
"http://www.simonsezit.com,https://twitter.com/simonsezit,https://www.facebook.com/SimonSezIT,https://linkedin.com//company/simon-sez-it,https://www.youtube.com/simonsezittraining",https://www.udemy.com/user/simonsezit/,Simon Sez IT,"490,000+ Students | Wordwide Use 180 Countries |150+ Courses",57246,518826
"http://www.simonsezit.com,https://twitter.com/simonsezit,https://www.facebook.com/SimonSezIT,https://linkedin.com//company/simon-sez-it,https://www.youtube.com/simonsezittraining",https://www.udemy.com/user/simonsezit/,Simon Sez IT,"490,000+ Students | Wordwide Use 180 Countries |150+ Courses",57246,518826
https://www.youtube.com/channel/UC8_LbBfhMshZPaKIRrNIpVQ,https://www.udemy.com/user/stevemcdonald2/,Steve McDonald,Dedicated Instructor Will Help You Excel | 300K+ Students,31579,404578
"https://www.xelplus.com,https://twitter.com/LeilaGharani,https://linkedin.com/in/leila-gharani-6b12506?trk=hp-identity-name,https://www.youtube.com/channel/UCJtUOos_MwJa_Ewii-R3cJA",https://www.udemy.com/user/leila-gharani/,Leila Gharani,"Microsoft MVP, Bestselling Instructor",70281,228026
"https://blog.velingeorgiev.com/,https://twitter.com/VelinGeorgiev",https://www.udemy.com/user/velin-georgiev/,Velin Georgiev,Microsoft Most Valuable Professional,542,2332
"https://www.warrenchalklen.com,https://twitter.com/OnlineSkills_,https://www.facebook.com//onlineskillacademy/,https://linkedin.com/in/warren-chalklen-ph-d-129593b,https://www.youtube.com//channel/UCkHFTMh8G0BJ9bG1WwiZSQA",https://www.udemy.com/user/leslie-chalklen/,"Warren Chalklen, PhD","Education Innovator | 145,046 Students",7745,148890
"http://learnsfdc.com,https://twitter.com/BobbyBuntin,https://www.facebook.com/learnsfdctraining,https://linkedin.com/in/BobbyBuntin,https://www.youtube.com/c/learnsfdc",https://www.udemy.com/user/bobby-buntin/,Bobby Buntin,Salesforce Instructor and Consultant,2422,21227
"http://www.simonsezit.com,https://twitter.com/simonsezit,https://www.facebook.com/SimonSezIT,https://linkedin.com//company/simon-sez-it,https://www.youtube.com/simonsezittraining",https://www.udemy.com/user/simonsezit/,Simon Sez IT,"490,000+ Students | Wordwide Use 180 Countries |150+ Courses",57246,518826
"https://twitter.com/https://twitter.com/Javierpolanco21,https://www.facebook.com/https://www.facebook.com/javier.polancocid,https://linkedin.com/https://www.linkedin.com/in/javier-polanco-160098a2?trk=nav_responsive_tab_profile",https://www.udemy.com/user/javier-polanco-cid/,Javier Polanco,Engineer,1833,19219
"https://www.starttechacademy.com/,https://twitter.com/StartTechAcade1,https://www.facebook.com/StartTechAcademy,https://linkedin.com/company/start-tech-academy,https://www.youtube.com/channel/UCOMpD-7invmY9rb3-WoXtpA",https://www.udemy.com/user/start-tech-academy/,Start-Tech Academy,"3,000,000+ Enrollments | 4+ Rated | 160+ Countries",54988,1322550
"http://365careers.com/,https://twitter.com/365careers,https://www.facebook.com/365careers,https://linkedin.com/in/nedkokrastev/",https://www.udemy.com/user/365careers/,365 Careers,Creating opportunities for Business & Finance students,467330,1582600
na,https://www.udemy.com/user/gilly-dow/,Gilly Dow,IT Training Consultant,2099,6396
https://www.youtube.com/channel/UCQRKZIhygTNRPTEmbWQ7LXg,https://www.udemy.com/user/jedguinto/,Jed Guinto,"~445,000 Enrolments, ~185,000 Students, ~12,000 Reviews",13016,194092
"http://markmmiller.com,https://linkedin.com/in/markmanuelmiller/,https://www.youtube.com/c/CampServiceNow",https://www.udemy.com/user/markmiller24/,Mark Miller,ServiceNow Guru,16971,48388
"http://www.joeparys.com,https://twitter.com/Joe_Parys,https://www.facebook.com/JoeParysAcademy/,https://linkedin.com/linkedin.com/in/joe-parys-7816799a,https://www.youtube.com/channel/UC8g_o_0wHJUsp67lJA69yhg",https://www.udemy.com/user/josephparys/,Joe Parys,"Top-Rated Instructor, 800,000+ Students",62912,892626
"http://www.4seotraining.com.au,https://www.youtube.com//user/CheltenhamTutorials",https://www.udemy.com/user/55507604a21d3/,David Murray,"20 years SEO Experience | Over 73,000 Students",3365,95441
"http://www.simonsezit.com,https://twitter.com/simonsezit,https://www.facebook.com/SimonSezIT,https://linkedin.com//company/simon-sez-it,https://www.youtube.com/simonsezittraining",https://www.udemy.com/user/simonsezit/,Simon Sez IT,"490,000+ Students | Wordwide Use 180 Countries |150+ Courses",57246,518826
"http://www.syncopa.net,https://www.facebook.com/syncopaproductions,https://www.youtube.com/channel/UCvHW0m6de3k7uKrr2GnY1PQ",https://www.udemy.com/user/rafisaar/,Rafi Saar,Owner Syncopa Productions and Software Engineer,6479,23506
https://www.youtube.com/channel/UCQRKZIhygTNRPTEmbWQ7LXg,https://www.udemy.com/user/jedguinto/,Jed Guinto,"~445,000 Enrolments, ~185,000 Students, ~12,000 Reviews",13016,194092
https://egurukulhub.com/,https://www.udemy.com/user/suhas-dakhole/,Suhas Dakhole,"Computer Engineer, SSMBB, PRINCE2, SAP CRM, Lean Expert",2536,17646
"http://www.officenewb.com,https://twitter.com/OfficeNewb,https://linkedin.com/in/kylepew,https://www.youtube.com/channel/UCbCHkRl8AGEVmdF369Er7VQ",https://www.udemy.com/user/kyle-pew/,Kyle Pew,Microsoft Certified Trainer,319295,1017034
"http://learngood.in,https://twitter.com/https://twitter.com/Learn_Good,https://www.facebook.com/https://www.facebook.com/learngood.in,https://linkedin.com//in/srikanthsr",https://www.udemy.com/user/srikanth14/,Srikanth Shirodkar,LearnGood.in,19970,88744
"http://www.officenewb.com,https://twitter.com/OfficeNewb,https://linkedin.com/in/kylepew,https://www.youtube.com/channel/UCbCHkRl8AGEVmdF369Er7VQ",https://www.udemy.com/user/kyle-pew/,Kyle Pew,Microsoft Certified Trainer,319295,1017034
http://www.infiniteskills.com,https://www.udemy.com/user/infiniteskills/,Infinite Skills,High Quality Training,121182,1264826
"http://life-longlearner.com,https://twitter.com/britton,https://www.facebook.com/Scottbrit,https://linkedin.com/jscottbritton",https://www.udemy.com/user/scottbritton/,Scott Britton,Co-Founder at Troops,4753,98237
"http://www.officenewb.com,https://twitter.com/OfficeNewb,https://linkedin.com/in/kylepew,https://www.youtube.com/channel/UCbCHkRl8AGEVmdF369Er7VQ",https://www.udemy.com/user/kyle-pew/,Kyle Pew,Microsoft Certified Trainer,319295,1017034
"https://www.computergaga.com,https://twitter.com/computergaga1,https://linkedin.com/in/alanmurray-computergaga/,https://www.youtube.com/Computergaga/",https://www.udemy.com/user/alanmurray4/,Alan Murray,"Microsoft MVP, Founder of Computergaga",2200,17987
"http://www.sapacademy.ca,https://twitter.com/sapacademyca,https://www.facebook.com/sapacademy.ca",https://www.udemy.com/user/sadim-rasheed-3/,SAP Academy,SAP Academy Inc,2128,9021
"http://www.simonsezit.com,https://twitter.com/simonsezit,https://www.facebook.com/SimonSezIT,https://linkedin.com//company/simon-sez-it,https://www.youtube.com/simonsezittraining",https://www.udemy.com/user/simonsezit/,Simon Sez IT,"490,000+ Students | Wordwide Use 180 Countries |150+ Courses",57246,518826
"https://www.xelplus.com,https://twitter.com/LeilaGharani,https://linkedin.com/in/leila-gharani-6b12506?trk=hp-identity-name,https://www.youtube.com/channel/UCJtUOos_MwJa_Ewii-R3cJA",https://www.udemy.com/user/leila-gharani/,Leila Gharani,"Microsoft MVP, Bestselling Instructor",70281,228026
"http://www.officenewb.com,https://twitter.com/OfficeNewb,https://linkedin.com/in/kylepew,https://www.youtube.com/channel/UCbCHkRl8AGEVmdF369Er7VQ",https://www.udemy.com/user/kyle-pew/,Kyle Pew,Microsoft Certified Trainer,319295,1017034
"http://www.powerpointschool.com,https://twitter.com/pptschool,https://www.facebook.com/powerpointschool,https://www.youtube.com/powerpointschool",https://www.udemy.com/user/powerpoint-school/,PowerPoint School,Professional PowerPoint Designer,1383,4869
"https://mydatacareer.com,https://twitter.com/mydatacareer,https://www.facebook.com/ermin.dedic.5,https://linkedin.com/in/ermin-dedic-3153a0137/,https://www.youtube.com/user/BIH20",https://www.udemy.com/user/ermin-dedic/,Ermin Dedic,All Things Data.,6209,46820
"https://www.starttechacademy.com/,https://twitter.com/StartTechAcade1,https://www.facebook.com/StartTechAcademy,https://linkedin.com/company/start-tech-academy,https://www.youtube.com/channel/UCOMpD-7invmY9rb3-WoXtpA",https://www.udemy.com/user/start-tech-academy/,Start-Tech Academy,"3,000,000+ Enrollments | 4+ Rated | 160+ Countries",54988,1322550
"http://www.likeabosslearning.com/,https://twitter.com/hmsbrian,https://linkedin.com/in/hmsbrian",https://www.udemy.com/user/brianculp2/,Brian Culp,100k+ students • 3M+ student minutes • MS Certified Trainer,21900,90669
"https://www.heartmindway.com/,https://twitter.com/@Todd_McLeod,https://linkedin.com/in/tamcleod,https://www.youtube.com/user/toddmcleod",https://www.udemy.com/user/toddmcleod/,Todd McLeod,Tenured College Professor,51844,342184
na,https://www.udemy.com/user/bishoy-samir-william/,Bishoy Samir William,Electrical Enginner,602,8062
"http://www.dataskills.co,https://twitter.com/DataSkillsCo,https://www.facebook.com/DataSkillsCo,https://linkedin.com/in/ianlj",https://www.udemy.com/user/ianlittlejohn2/,Ian Littlejohn,"Excel Power Tools, Power BI and Google Data Studio Trainer",42733,133098
http://www.ITShorts.com,https://www.udemy.com/user/samdhanasekaran/,Sam Dhanasekaran,Experienced IT Support and Database Specialist,2051,19176
"https://www.softtechno.co.uk/,https://linkedin.com/in/rana-w-mehmood-92b63049/",https://www.udemy.com/user/rana-w-mehmood/,Rana W Mehmood,SAP Functional Consultant,8497,38220
na,https://www.udemy.com/user/intellezy/,na,na,0,0
"http://www.businessproductivity.com,https://twitter.com/ulrikahedlund,https://www.facebook.com/businessproductivity,https://linkedin.com/in/ulrikahedlund/,https://www.youtube.com/bizproductivity",https://www.udemy.com/user/businessproductivity/,Ulrika Hedlund,Productivity Coach and Entrepreneur,13525,43425
"https://macmost.com,https://twitter.com/rosenz,https://www.facebook.com/macmost,https://linkedin.com/in/rosenz,https://www.youtube.com/macmostvideo",https://www.udemy.com/user/gary-rosenzweig/,MacMost & Gary Rosenzweig,"MacMost, WP Tips and Hacks, Computer book author, Developer",7825,45055
"http://www.learnitanytime.com/,https://www.facebook.com/Learn.iT.anywhere,https://www.youtube.com/channel/UCqyBfm_H9ugGirk1ufYA2YA",https://www.udemy.com/user/learnitanytime/,Learnit Anytime,Self-Paced Online Training Videos,7695,26272
"http://www.simonsezit.com,https://twitter.com/simonsezit,https://www.facebook.com/SimonSezIT,https://linkedin.com//company/simon-sez-it,https://www.youtube.com/simonsezittraining",https://www.udemy.com/user/simonsezit/,Simon Sez IT,"490,000+ Students | Wordwide Use 180 Countries |150+ Courses",57246,518826
"https://virtualskills.teachable.com/,https://www.facebook.com/Themoneyguy-107384610893443/?modal=admin_todo_tour,https://linkedin.com/in/yassin-marco-241619164,https://www.youtube.com/channel/UC_R0QOzc9LiIiFb31GQPjPQ?sub_confirmation=1",https://www.udemy.com/user/ataouyl-yassin/,Yassin Marco,Helped over 1 100 000+ students in 198 countries,32496,1006070
https://tamasbenko.com,https://www.udemy.com/user/art-mart-2/,Tamas Benko,Instructor,4124,230343
https://www.youtube.com/channel/UCQRKZIhygTNRPTEmbWQ7LXg,https://www.udemy.com/user/jedguinto/,Jed Guinto,"~445,000 Enrolments, ~185,000 Students, ~12,000 Reviews",13016,194092
https://www.youtube.com/channel/UCQRKZIhygTNRPTEmbWQ7LXg,https://www.udemy.com/user/jedguinto/,Jed Guinto,"~445,000 Enrolments, ~185,000 Students, ~12,000 Reviews",13016,194092
"https://www.mavenanalytics.io,https://www.facebook.com/mavenanalytics,https://linkedin.com/company/maven-analytics,https://www.youtube.com/channel/UCFqInmJykuVFKzi6uQl_ySg/",https://www.udemy.com/user/maven-analytics/,Maven Analytics,Award-Winning Analytics & Business Intelligence Training,190538,567941
na,https://www.udemy.com/user/intellezy/,na,na,0,0
"https://in.linkedin.com/in/gopal-prasad-malakar,https://twitter.com/Analytics_Gyan,https://linkedin.com/in/gopal-prasad-malakar/,https://www.youtube.com/gopalprasadmalakar12",https://www.udemy.com/user/gopalprasadmalakar/,Gopal Prasad Malakar,Trains Industry Practices on data science / machine learning,9773,107492
"http://www.dreamforce.us,https://twitter.com/KirtKershaw,https://linkedin.com/in/kirt-kershaw-33874410/,https://www.youtube.com/user/videotrainingpro",https://www.udemy.com/user/kirt-kershaw/,Kirt Kershaw,Microsoft Certified Trainer - Training Microsoft Since 2000!,4213,19606
https://linkedin.com/in/irfanexcelsious/,https://www.udemy.com/user/irfansharif/,Irfan Sharif,Bestselling Trainer | Chartered Accountant | PwC Alumni,8459,250014
http://learnlotus.blogspot.com/,https://www.udemy.com/user/vamsekiran/,Kiran Kumar,Sr.SAP BW/HANA/BO Project Manager,1111,4198
"http://www.yodalearning.com,https://www.youtube.com/user/yodalearningofficial",https://www.udemy.com/user/excelnext/,Rishabh Pugalia,"CA | ex-KPMG, ex-J.P. Morgan | Taught @ PwC, EY, Deloitte",736,8550
"http://www.saptraininghq.com,https://twitter.com/petermoxon,https://www.facebook.com/pages/SAP-Training-HQ/253124688062603",https://www.udemy.com/user/petermoxon/,Peter Moxon,Head Trainer at Sap Training HQ,14122,60834
na,https://www.udemy.com/user/george-boyle-9/,George Boyle,Sr. SAP Consultant @ Accenture | Ex-startup founder,2710,122079
"http://www.simonsezit.com,https://twitter.com/simonsezit,https://www.facebook.com/SimonSezIT,https://linkedin.com//company/simon-sez-it,https://www.youtube.com/simonsezittraining",https://www.udemy.com/user/simonsezit/,Simon Sez IT,"490,000+ Students | Wordwide Use 180 Countries |150+ Courses",57246,518826
https://www.youtube.com/channel/UCQRKZIhygTNRPTEmbWQ7LXg,https://www.udemy.com/user/jedguinto/,Jed Guinto,"~445,000 Enrolments, ~185,000 Students, ~12,000 Reviews",13016,194092
na,https://www.udemy.com/user/josh-werner/,Learn Tech Plus,Web Development | Adobe | Google | Microsoft | Productivity,37663,1296064
http://www.computerclasses.ie,https://www.udemy.com/user/colinmarks/,Colin Marks,Certified Microsoft & Apple Trainer,2490,10353
na,https://www.udemy.com/user/intellezy/,na,na,0,0
"http://grumomedia.com,https://twitter.com/grumomedia,https://www.facebook.com/grumomedia,https://linkedin.com/in/miguelvancouver,https://www.youtube.com/grumomedia",https://www.udemy.com/user/miguelhernandez/,Miguel Hernandez,"Top Instructor, Founder of Grumo Media",4328,35893
"http://www.simonsezit.com,https://twitter.com/simonsezit,https://www.facebook.com/SimonSezIT,https://linkedin.com//company/simon-sez-it,https://www.youtube.com/simonsezittraining",https://www.udemy.com/user/simonsezit/,Simon Sez IT,"490,000+ Students | Wordwide Use 180 Countries |150+ Courses",57246,518826
"https://JenniferBaileyOnline.com,https://twitter.com/jenniferbailey,https://www.facebook.com/jennifersbailey,https://linkedin.com/jennifersbailey,https://www.youtube.com/easyinternetlessons",https://www.udemy.com/user/jenniferbailey3/,Jennifer Bailey,Post Grad Ed | Professional Trainer | 31K+ students,1228,34752
"https://www.myexcelonline.com/blog/,https://twitter.com/myexcelonline,https://www.facebook.com/groups/myexcelonline/,https://linkedin.com/in/johnmichaloudis,https://www.youtube.com/LearnExcelPivotTable/videos",https://www.udemy.com/user/john2373/,MyExcelOnline John Michaloudis,Chief Inspirational Officer at MyExcelOnline,5336,92116
"https://www.starttechacademy.com/,https://twitter.com/StartTechAcade1,https://www.facebook.com/StartTechAcademy,https://linkedin.com/company/start-tech-academy,https://www.youtube.com/channel/UCOMpD-7invmY9rb3-WoXtpA",https://www.udemy.com/user/start-tech-academy/,Start-Tech Academy,"3,000,000+ Enrollments | 4+ Rated | 160+ Countries",54988,1322550
na,https://www.udemy.com/user/janedoe5/,Ulrika Garner,"Zertifizierte Beraterin für SAP MM, Hobby: Fotobearbeitung",13153,46654
"https://meijinmedia.com,https://twitter.com/meijinmedia,https://www.facebook.com/meijinmedia/,https://linkedin.com/company/meijin-limited?trk=nav_account_sub_nav_company_admin,https://www.youtube.com/channel/UCar9GVhLpRH0QXCQyZpii5g/featured",https://www.udemy.com/user/885d2a5c-9a8e-4317-8f68-63297c0259b6/,Fran Solo,CEO at Meijin Limited and Apple Certified Trainer,1636,26144
"http://escapetoprosperity.com,https://www.facebook.com/bruce.myron.3,https://linkedin.com/in/brucemyron",https://www.udemy.com/user/brucemyron/,Bruce Myron,Productivity Specialist,23665,114277
"http://www.tjwalker.com,https://twitter.com/TJWalkertweets,https://www.facebook.com/tjwalkerspeaktoinfluence,https://linkedin.com/in/tjwalkerpublicspeaking/,https://www.youtube.com/mediatraining",https://www.udemy.com/user/tjwalker2/,TJ Walker,BestSelling Personal Development & Habits Expert,102876,1253533
"https://www.xelplus.com,https://twitter.com/LeilaGharani,https://linkedin.com/in/leila-gharani-6b12506?trk=hp-identity-name,https://www.youtube.com/channel/UCJtUOos_MwJa_Ewii-R3cJA",https://www.udemy.com/user/leila-gharani/,Leila Gharani,"Microsoft MVP, Bestselling Instructor",70281,228026
"http://www.dataskills.co,https://twitter.com/DataSkillsCo,https://www.facebook.com/DataSkillsCo,https://linkedin.com/in/ianlj",https://www.udemy.com/user/ianlittlejohn2/,Ian Littlejohn,"Excel Power Tools, Power BI and Google Data Studio Trainer",42733,133098
"http://www.dreamforce.us,https://twitter.com/KirtKershaw,https://linkedin.com/in/kirt-kershaw-33874410/,https://www.youtube.com/user/videotrainingpro",https://www.udemy.com/user/kirt-kershaw/,Kirt Kershaw,Microsoft Certified Trainer - Training Microsoft Since 2000!,4213,19606
http://dataminded.co.uk,https://www.udemy.com/user/martynblythin/,Martyn Blythin,"Data Minded Excel Training, 30,000+ students",2155,31452
"http://www.mellontraining.com,https://twitter.com/mellontraining,https://www.facebook.com/mellontraining,https://linkedin.com/in/AndreasExadaktylos,https://www.youtube.com/user/mellontraining",https://www.udemy.com/user/andrewex/,Andreas Exadaktylos,Best Selling Teacher | Msc Computer Scientist,7277,30731
http://www.sqltutorial.xyz,https://www.udemy.com/user/amarnathrpanyam/,Amarnath Reddy,Oracle Architect & Best Selling Instructor | 27000+ Students,18507,80677
"http://www.make-your-media.com,https://twitter.com/make_your_media,https://www.facebook.com/makeyourmedia,https://www.youtube.com/user/makeyourmedia",https://www.udemy.com/user/urisoglowek/,Uri Soglowek,"Entrepreneur, Marketing Consultant, Video Maker",2227,25977
https://linkedin.com/in/abdul-maulud-2049b0/,https://www.udemy.com/user/abdulmaulud/,Abdul Maulud,SAP Solution Architect,4924,21833
"http://www.quicknexus.com,https://twitter.com/quicknexus,https://linkedin.com/in/shivrajv",https://www.udemy.com/user/shivrajvichare/,Shivraj Vichare,Content Creator,1973,17376
"http://www.simonsezit.com,https://twitter.com/simonsezit,https://www.facebook.com/SimonSezIT,https://linkedin.com//company/simon-sez-it,https://www.youtube.com/simonsezittraining",https://www.udemy.com/user/simonsezit/,Simon Sez IT,"490,000+ Students | Wordwide Use 180 Countries |150+ Courses",57246,518826
https://juangalvan.com,https://www.udemy.com/user/juangalvan3/,Juan E. Galvan,Digital Entrepreneur | Marketer | Visionary,13710,483360
"https://www.xelplus.com,https://twitter.com/LeilaGharani,https://linkedin.com/in/leila-gharani-6b12506?trk=hp-identity-name,https://www.youtube.com/channel/UCJtUOos_MwJa_Ewii-R3cJA",https://www.udemy.com/user/leila-gharani/,Leila Gharani,"Microsoft MVP, Bestselling Instructor",70281,228026
"http://borispaskhaver.com,https://twitter.com/borispaskhaver,https://linkedin.com//in/boris-paskhaver-73399760,https://www.youtube.com/channel/UC5DVfO9p716B5LCAusgtTIA",https://www.udemy.com/user/borispaskhaver/,Boris Paskhaver,Software Engineer | Consultant | Author,27900,307843
"http://www.likeabosslearning.com/,https://twitter.com/hmsbrian,https://linkedin.com/in/hmsbrian",https://www.udemy.com/user/brianculp2/,Brian Culp,100k+ students • 3M+ student minutes • MS Certified Trainer,21900,90669
"http://www.wiley.com/WileyCDA/,https://twitter.com/WileyNews,https://www.facebook.com/JohnWileySons",https://www.udemy.com/user/wileyfordummies/,John Wiley & Sons,Video Training,4111,45666
"http://www.simonsezit.com,https://twitter.com/simonsezit,https://www.facebook.com/SimonSezIT,https://linkedin.com//company/simon-sez-it,https://www.youtube.com/simonsezittraining",https://www.udemy.com/user/simonsezit/,Simon Sez IT,"490,000+ Students | Wordwide Use 180 Countries |150+ Courses",57246,518826
"http://www.oracle-master.com/,https://twitter.com/oraclemasterpro,https://www.facebook.com/groups/229752510900811,https://linkedin.com/in/oracle-master,https://www.youtube.com/channel/UCcmWSAXUHMOKoTRbsA-V7HA?sub_confirmation=1",https://www.udemy.com/user/mer-daaan/,"Oracle Master Training • 100,000+ Students Worldwide",Oracle Architect & Best Selling Instructor,24969,112460
"http://www.wiley.com/WileyCDA/,https://twitter.com/WileyNews,https://www.facebook.com/JohnWileySons",https://www.udemy.com/user/wileyfordummies/,John Wiley & Sons,Video Training,4111,45666
na,https://www.udemy.com/user/intellezy/,na,na,0,0
"https://twitter.com/sciencebum,https://www.facebook.com/alexmozes,https://linkedin.com/in/alexmozes",https://www.udemy.com/user/alexmozes/,Alex Mozes,Instructor Liaison,11519,43032
"https://www.starttechacademy.com/,https://twitter.com/StartTechAcade1,https://www.facebook.com/StartTechAcademy,https://linkedin.com/company/start-tech-academy,https://www.youtube.com/channel/UCOMpD-7invmY9rb3-WoXtpA",https://www.udemy.com/user/start-tech-academy/,Start-Tech Academy,"3,000,000+ Enrollments | 4+ Rated | 160+ Countries",54988,1322550
"http://www.mellontraining.com,https://twitter.com/mellontraining,https://www.facebook.com/mellontraining,https://linkedin.com/in/AndreasExadaktylos,https://www.youtube.com/user/mellontraining",https://www.udemy.com/user/andrewex/,Andreas Exadaktylos,Best Selling Teacher | Msc Computer Scientist,7277,30731
"http://www.simonsezit.com,https://twitter.com/simonsezit,https://www.facebook.com/SimonSezIT,https://linkedin.com//company/simon-sez-it,https://www.youtube.com/simonsezittraining",https://www.udemy.com/user/simonsezit/,Simon Sez IT,"490,000+ Students | Wordwide Use 180 Countries |150+ Courses",57246,518826
"https://www.computergaga.com,https://twitter.com/computergaga1,https://linkedin.com/in/alanmurray-computergaga/,https://www.youtube.com/Computergaga/",https://www.udemy.com/user/alanmurray4/,Alan Murray,"Microsoft MVP, Founder of Computergaga",2200,17987
"http://www.dataskills.co,https://twitter.com/DataSkillsCo,https://www.facebook.com/DataSkillsCo,https://linkedin.com/in/ianlj",https://www.udemy.com/user/ianlittlejohn2/,Ian Littlejohn,"Excel Power Tools, Power BI and Google Data Studio Trainer",42733,133098
"http://Aspiratech.net/salesforce_training.html,https://twitter.com/aspiratech",https://www.udemy.com/user/indigodutton/,Aspiratech Training,Salesforce Consulting Partner,4352,19744
"http://kieranluke.wordpress.com,https://twitter.com/kizluke,https://linkedin.com/https://www.linkedin.com/in/kieranluke/,https://www.youtube.com/Mr3KL/videos",https://www.udemy.com/user/kieranluke/,Kieran Luke,"Co-COO, General Assembly",1634,5041
